ID,Form_ID,Form,Cognateset_ID,Doubt,Cognate_Detection_Method,Source,Alignment,Alignment_Method,Alignment_Source
MiddleChinese-1_axe-1-1,MiddleChinese-1_axe-1,pjuX,1,false,expert,,,,
OldChinese-1_axe-1-1,OldChinese-1_axe-1,praʔ,1,false,expert,,,,
CogtseSitu-1_axe-1-1,CogtseSitu-1_axe-1,ʃa+rpâ,1,false,expert,,,,
BragbarSitu-1_axe-1-1,BragbarSitu-1_axe-1,ɕa+rpiɛ̂,1,false,expert,,,,
Japhug-1_axe-1-1,Japhug-1_axe-1,tɯ+rpa,1,false,expert,,,,
MiddleChinese-2_todescend-1-1,MiddleChinese-2_todescend-1,ɣæH,2,false,expert,,,,
OldChinese-2_todescend-1-1,OldChinese-2_todescend-1,mgˤraʔs,2,false,expert,,,,
CogtseSitu-2_todescend-1-1,CogtseSitu-2_todescend-1,kɐ+ŋgrɐ̂k,2,false,expert,,,,
BragbarSitu-2_todescend-1-1,BragbarSitu-2_todescend-1,kə+.griɛ̂,2,false,expert,,,,
Japhug-2_todescend-1-1,Japhug-2_todescend-1,ŋgra,2,false,expert,,,,
MiddleChinese-3_torevive-1-1,MiddleChinese-3_torevive-1,su,3,false,expert,,,,
OldChinese-3_torevive-1-1,OldChinese-3_torevive-1,sŋˤa,3,false,expert,,,,
CogtseSitu-3_torevive-1-1,CogtseSitu-3_torevive-1,kə+mə+sŋâr,3,false,expert,,,,
BragbarSitu-3_torevive-1-1,BragbarSitu-3_torevive-1,kə+mə+sŋiɛ̂r,3,false,expert,,,,
Japhug-3_torevive-1-1,Japhug-3_torevive-1,sŋa,3,false,expert,,,,
MiddleChinese-4_imy-1-1,MiddleChinese-4_imy-1,ŋu,4,false,expert,,,,
OldChinese-4_imy-1-1,OldChinese-4_imy-1,ŋˤa,4,false,expert,,,,
CogtseSitu-4_imy-1-1,CogtseSitu-4_imy-1,ŋā,4,false,expert,,,,
BragbarSitu-4_imy-1-1,BragbarSitu-4_imy-1,ŋā,4,false,expert,,,,
Japhug-4_imy-1-1,Japhug-4_imy-1,a+ʑo,4,false,expert,,,,
MiddleChinese-5_tochew-1-1,MiddleChinese-5_tochew-1,dzjoX,5,false,expert,,,,
OldChinese-5_tochew-1-1,OldChinese-5_tochew-1,dzaʔ,5,false,expert,,,,
CogtseSitu-5_tochew-1-1,CogtseSitu-5_tochew-1,ka+zā,5,false,expert,,,,
BragbarSitu-5_tochew-1-1,BragbarSitu-5_tochew-1,ka+ndziɛ̂,5,false,expert,,,,
Japhug-5_tochew-1-1,Japhug-5_tochew-1,ndza,5,false,expert,,,,
Tibetan-5_tochew-1-1,Tibetan-5_tochew-1,za+ba,5,false,expert,,,,
MiddleChinese-6_five-1-1,MiddleChinese-6_five-1,ŋuX,6,false,expert,,,,
OldChinese-6_five-1-1,OldChinese-6_five-1,Cŋˤaʔ,6,false,expert,,,,
CogtseSitu-6_five-1-1,CogtseSitu-6_five-1,kəmŋô,6,false,expert,,,,
BragbarSitu-6_five-1-1,BragbarSitu-6_five-1,kəmŋâj,6,false,expert,,,,
Japhug-6_five-1-1,Japhug-6_five-1,kɯmŋu,6,false,expert,,,,
Tibetan-6_five-1-1,Tibetan-6_five-1,lnga,6,false,expert,,,,
MiddleChinese-7_night-1-1,MiddleChinese-7_night-1,jæH,7,false,expert,,,,
OldChinese-7_night-1-1,OldChinese-7_night-1,ɢAks,7,false,expert,,,,
BragbarSitu-7_night-1-1,BragbarSitu-7_night-1,rə+ɟāk,7,false,expert,,,,
Japhug-7_night-1-1,Japhug-7_night-1,tɤ+rʑaʁ,7,false,expert,,,,
Tibetan-7_night-1-1,Tibetan-7_night-1,zhag,7,false,expert,,,,
MiddleChinese-8_child-1-1,MiddleChinese-8_child-1,ɲe,8,false,expert,,,,
OldChinese-8_child-1-1,OldChinese-8_child-1,ŋe,8,false,expert,,,,
CogtseSitu-8_child-1-1,CogtseSitu-8_child-1,kʰo+lŋâ,8,false,expert,,,,
BragbarSitu-8_child-1-1,BragbarSitu-8_child-1,tapə+rŋiɛ̂,8,false,expert,,,,
Japhug-8_child-1-1,Japhug-8_child-1,nɤ+rŋi,8,false,expert,,,,
MiddleChinese-9_thighbone-1-1,MiddleChinese-9_thighbone-1,bejX,9,false,expert,,,,
OldChinese-9_thighbone-1-1,OldChinese-9_thighbone-1,mpˤeʔ,9,false,expert,,,,
Japhug-9_thighbone-1-1,Japhug-9_thighbone-1,tɯ+χpɣi,9,false,expert,,,,
Tibetan-9_thighbone-1-1,Tibetan-9_thighbone-1,dphyi,9,false,expert,,,,
MiddleChinese-10_rich-1-1,MiddleChinese-10_rich-1,pjuwH,10,false,expert,,,,
OldChinese-10_rich-1-1,OldChinese-10_rich-1,pəks,10,false,expert,,,,
CogtseSitu-10_rich-1-1,CogtseSitu-10_rich-1,pāk,10,false,expert,,,,
BragbarSitu-10_rich-1-1,BragbarSitu-10_rich-1,piāk,10,false,expert,,,,
Japhug-10_rich-1-1,Japhug-10_rich-1,paʁ,10,false,expert,,,,
Tibetan-10_rich-1-1,Tibetan-10_rich-1,phag,10,false,expert,,,,
MiddleChinese-11_child-1-1,MiddleChinese-11_child-1,tsiX,11,false,expert,,,,
OldChinese-11_child-1-1,OldChinese-11_child-1,tsəʔ,11,false,expert,,,,
BragbarSitu-11_child-1-1,BragbarSitu-11_child-1,ta+'tsa+pu,11,false,expert,,,,
Japhug-11_child-1-1,Japhug-11_child-1,tɯ+ftsa,11,false,expert,,,,
Tibetan-11_child-1-1,Tibetan-11_child-1,tsha+po,11,false,expert,,,,
MiddleChinese-12_furgarment-1-1,MiddleChinese-12_furgarment-1,gjuw,12,false,expert,,,,
OldChinese-12_furgarment-1-1,OldChinese-12_furgarment-1,gʷə,12,false,expert,,,,
CogtseSitu-12_furgarment-1-1,CogtseSitu-12_furgarment-1,tə+wɐ̂,12,false,expert,,,,
BragbarSitu-12_furgarment-1-1,BragbarSitu-12_furgarment-1,tə+ŋgâ,12,false,expert,,,,
Japhug-12_furgarment-1-1,Japhug-12_furgarment-1,ŋga,12,false,expert,,,,
Tibetan-12_furgarment-1-1,Tibetan-12_furgarment-1,gos,12,false,expert,,,,
MiddleChinese-13_ear-1-1,MiddleChinese-13_ear-1,ɲiX,13,false,expert,,,,
OldChinese-13_ear-1-1,OldChinese-13_ear-1,Cnəʔ,13,false,expert,,,,
CogtseSitu-13_ear-1-1,CogtseSitu-13_ear-1,tə+rnâ,13,false,expert,,,,
BragbarSitu-13_ear-1-1,BragbarSitu-13_ear-1,tə+rniɛ̂,13,false,expert,,,,
Japhug-13_ear-1-1,Japhug-13_ear-1,tɯ+rna,13,false,expert,,,,
Tibetan-13_ear-1-1,Tibetan-13_ear-1,rna,13,false,expert,,,,
MiddleChinese-14_ox-1-1,MiddleChinese-14_ox-1,ŋjuw,14,false,expert,,,,
OldChinese-14_ox-1-1,OldChinese-14_ox-1,ŋʷə,14,false,expert,,,,
CogtseSitu-14_ox-1-1,CogtseSitu-14_ox-1,nəŋâ,14,false,expert,,,,
BragbarSitu-14_ox-1-1,BragbarSitu-14_ox-1,nəŋiɛ̂,14,false,expert,,,,
Japhug-14_ox-1-1,Japhug-14_ox-1,nɯŋa,14,false,expert,,,,
Zbu-14_ox-1-1,Zbu-14_ox-1,ŋwéʔ,14,false,expert,,,,
MiddleChinese-15_tosit-1-1,MiddleChinese-15_tosit-1,dzwaX,15,false,expert,,,,
OldChinese-15_tosit-1-1,OldChinese-15_tosit-1,dzˤojʔ,15,false,expert,,,,
Japhug-15_tosit-1-1,Japhug-15_tosit-1,a+mdzɯ,15,false,expert,,,,
MiddleChinese-16_milknipple-1-1,MiddleChinese-16_milknipple-1,ɲuX,16,false,expert,,,,
OldChinese-16_milknipple-1-1,OldChinese-16_milknipple-1,noʔ,16,false,expert,,,,
CogtseSitu-16_milknipple-1-1,CogtseSitu-16_milknipple-1,tə+nū,16,false,expert,,,,
BragbarSitu-16_milknipple-1-1,BragbarSitu-16_milknipple-1,tə+nū,16,false,expert,,,,
Japhug-16_milknipple-1-1,Japhug-16_milknipple-1,tɯ+nɯ,16,false,expert,,,,
Tibetan-16_milknipple-1-1,Tibetan-16_milknipple-1,nu+ma,16,false,expert,,,,
MiddleChinese-17_sovereignqueen-1-1,MiddleChinese-17_sovereignqueen-1,ɣuwX,17,false,expert,,,,
OldChinese-17_sovereignqueen-1-1,OldChinese-17_sovereignqueen-1,ɢˤroʔ,17,false,expert,,,,
CogtseSitu-17_sovereignqueen-1-1,CogtseSitu-17_sovereignqueen-1,ta+kō,17,false,expert,,,,
BragbarSitu-17_sovereignqueen-1-1,BragbarSitu-17_sovereignqueen-1,ta+wô,17,false,expert,,,,
Japhug-17_sovereignqueen-1-1,Japhug-17_sovereignqueen-1,tɯ+ku,17,false,expert,,,,
Tibetan-17_sovereignqueen-1-1,Tibetan-17_sovereignqueen-1,mgo,17,false,expert,,,,
MiddleChinese-18_after-1-1,MiddleChinese-18_after-1,ɣuwX,18,false,expert,,,,
OldChinese-18_after-1-1,OldChinese-18_after-1,ɢˤroʔ,18,false,expert,,,,
CogtseSitu-18_after-1-1,CogtseSitu-18_after-1,mə+ŋkʰū,18,false,expert,,,,
BragbarSitu-18_after-1-1,BragbarSitu-18_after-1,mə+ŋkʰū,18,false,expert,,,,
Japhug-18_after-1-1,Japhug-18_after-1,ma+qʰu,18,false,expert,,,,
MiddleChinese-19_internalorgans-1-1,MiddleChinese-19_internalorgans-1,pjuX,19,false,expert,,,,
OldChinese-19_internalorgans-1-1,OldChinese-19_internalorgans-1,poʔ,19,false,expert,,,,
CogtseSitu-19_internalorgans-1-1,CogtseSitu-19_internalorgans-1,tə+po+lɐɱtʃê,19,false,expert,,,,
BragbarSitu-19_internalorgans-1-1,BragbarSitu-19_internalorgans-1,vo+loŋtɕâ,19,false,expert,,,,
Japhug-19_internalorgans-1-1,Japhug-19_internalorgans-1,tɯ+pu,19,false,expert,,,,
MiddleChinese-20_bodyperson-1-1,MiddleChinese-20_bodyperson-1,khju,20,false,expert,,,,
OldChinese-20_bodyperson-1-1,OldChinese-20_bodyperson-1,kʰro,20,false,expert,,,,
CogtseSitu-20_bodyperson-1-1,CogtseSitu-20_bodyperson-1,tə+skrū,20,false,expert,,,,
BragbarSitu-20_bodyperson-1-1,BragbarSitu-20_bodyperson-1,tə+skrū,20,false,expert,,,,
Japhug-20_bodyperson-1-1,Japhug-20_bodyperson-1,tɯ+skʰrɯ,20,false,expert,,,,
Tibetan-20_bodyperson-1-1,Tibetan-20_bodyperson-1,sku,20,false,expert,,,,
MiddleChinese-21_vomit-1-1,MiddleChinese-21_vomit-1,ʔuwX,21,false,expert,,,,
OldChinese-21_vomit-1-1,OldChinese-21_vomit-1,qˤroʔ,21,false,expert,,,,
Japhug-21_vomit-1-1,Japhug-21_vomit-1,qioʁ,21,false,expert,,,,
Tibetan-21_vomit-1-1,Tibetan-21_vomit-1,skyug,21,false,expert,,,,
MiddleChinese-22_totakecareofprotect-1-1,MiddleChinese-22_totakecareofprotect-1,pawX,22,false,expert,,,,
OldChinese-22_totakecareofprotect-1-1,OldChinese-22_totakecareofprotect-1,pˤuʔ,22,false,expert,,,,
BragbarSitu-22_totakecareofprotect-1-1,BragbarSitu-22_totakecareofprotect-1,u+pû ka+viɛ̂,22,false,expert,,,,
Japhug-22_totakecareofprotect-1-1,Japhug-22_totakecareofprotect-1,ɯ+pɯ kɤ+pa,22,false,expert,,,,
MiddleChinese-23_float-1-1,MiddleChinese-23_float-1,bjuw,23,false,expert,,,,
OldChinese-23_float-1-1,OldChinese-23_float-1,mbru,23,false,expert,,,,
BragbarSitu-23_float-1-1,BragbarSitu-23_float-1,ʑbrū,23,false,expert,,,,
Japhug-23_float-1-1,Japhug-23_float-1,ʑmbrɯ,23,false,expert,,,,
MiddleChinese-24_hat-1-1,MiddleChinese-24_hat-1,mawH,24,false,expert,,,,
OldChinese-24_hat-1-1,OldChinese-24_hat-1,mˤuks,24,false,expert,,,,
CogtseSitu-24_hat-1-1,CogtseSitu-24_hat-1,tɐ+jmok,24,false,expert,,,,
BragbarSitu-24_hat-1-1,BragbarSitu-24_hat-1,ta+jmōk,24,false,expert,,,,
Japhug-24_hat-1-1,Japhug-24_hat-1,tɤ+jmɤɣ,24,false,expert,,,,
Tibetan-24_hat-1-1,Tibetan-24_hat-1,rmog,24,false,expert,,,,
MiddleChinese-25_brain-1-1,MiddleChinese-25_brain-1,nawX,25,false,expert,,,,
OldChinese-25_brain-1-1,OldChinese-25_brain-1,nˤuʔ,25,false,expert,,,,
CogtseSitu-25_brain-1-1,CogtseSitu-25_brain-1,tə+rnōk,25,false,expert,,,,
BragbarSitu-25_brain-1-1,BragbarSitu-25_brain-1,ta+rnōk,25,false,expert,,,,
Japhug-25_brain-1-1,Japhug-25_brain-1,tɯ+rnoʁ,25,false,expert,,,,
MiddleChinese-26_elbow-1-1,MiddleChinese-26_elbow-1,ʈjuwX,26,false,expert,,,,
OldChinese-26_elbow-1-1,OldChinese-26_elbow-1,tkruʔ,26,false,expert,,,,
CogtseSitu-26_elbow-1-1,CogtseSitu-26_elbow-1,tə+krū,26,false,expert,,,,
BragbarSitu-26_elbow-1-1,BragbarSitu-26_elbow-1,tə+krû,26,false,expert,,,,
Japhug-26_elbow-1-1,Japhug-26_elbow-1,tɯ+zgrɯ,26,false,expert,,,,
Tibetan-26_elbow-1-1,Tibetan-26_elbow-1,grumo,26,false,expert,,,,
MiddleChinese-27_claw-1-1,MiddleChinese-27_claw-1,tʂæwX,27,false,expert,,,,
OldChinese-27_claw-1-1,OldChinese-27_claw-1,tsˤruʔ,27,false,expert,,,,
CogtseSitu-27_claw-1-1,CogtseSitu-27_claw-1,ta+ndzrū,27,false,expert,,,,
BragbarSitu-27_claw-1-1,BragbarSitu-27_claw-1,ta+ndzrū,27,false,expert,,,,
Japhug-27_claw-1-1,Japhug-27_claw-1,tɯ+ndzrɯ,27,false,expert,,,,
MiddleChinese-28_nine-1-1,MiddleChinese-28_nine-1,kjuwX,28,false,expert,,,,
OldChinese-28_nine-1-1,OldChinese-28_nine-1,kuʔ,28,false,expert,,,,
CogtseSitu-28_nine-1-1,CogtseSitu-28_nine-1,kəngû,28,false,expert,,,,
BragbarSitu-28_nine-1-1,BragbarSitu-28_nine-1,kəngû,28,false,expert,,,,
Japhug-28_nine-1-1,Japhug-28_nine-1,ngɯt,28,false,expert,,,,
Tibetan-28_nine-1-1,Tibetan-28_nine-1,dgu,28,false,expert,,,,
MiddleChinese-29_mothersbrother-1-1,MiddleChinese-29_mothersbrother-1,gjuwX,29,false,expert,,,,
OldChinese-29_mothersbrother-1-1,OldChinese-29_mothersbrother-1,gruʔ,29,false,expert,,,,
BragbarSitu-29_mothersbrother-1-1,BragbarSitu-29_mothersbrother-1,a+kû,29,false,expert,,,,
Tibetan-29_mothersbrother-1-1,Tibetan-29_mothersbrother-1,a+khu,29,false,expert,,,,
MiddleChinese-30_father-1-1,MiddleChinese-30_father-1,pjuX,30,false,expert,,,,
OldChinese-30_father-1-1,OldChinese-30_father-1,Npraʔ,30,false,expert,,,,
Tibetan-30_father-1-1,Tibetan-30_father-1,pha,30,false,expert,,,,
MiddleChinese-31_allium-1-1,MiddleChinese-31_allium-1,kjuwX,31,false,expert,,,,
OldChinese-31_allium-1-1,OldChinese-31_allium-1,skruʔ,31,false,expert,,,,
CogtseSitu-31_allium-1-1,CogtseSitu-31_allium-1,ʃkō,31,false,expert,,,,
BragbarSitu-31_allium-1-1,BragbarSitu-31_allium-1,ɕkō,31,false,expert,,,,
Japhug-31_allium-1-1,Japhug-31_allium-1,ɕku,31,false,expert,,,,
Tibetan-31_allium-1-1,Tibetan-31_allium-1,sgog+pa,31,false,expert,,,,
MiddleChinese-32_hundred-1-1,MiddleChinese-32_hundred-1,pæk,32,false,expert,,,,
OldChinese-32_hundred-1-1,OldChinese-32_hundred-1,pˤrak,32,false,expert,,,,
CogtseSitu-32_hundred-1-1,CogtseSitu-32_hundred-1,pərjâ,32,false,expert,,,,
BragbarSitu-32_hundred-1-1,BragbarSitu-32_hundred-1,pərɟē,32,false,expert,,,,
Japhug-32_hundred-1-1,Japhug-32_hundred-1,ɣurʑa,32,false,expert,,,,
Tibetan-32_hundred-1-1,Tibetan-32_hundred-1,brgja,32,false,expert,,,,
MiddleChinese-33_shoulderblade-1-1,MiddleChinese-33_shoulderblade-1,phak,33,false,expert,,,,
OldChinese-33_shoulderblade-1-1,OldChinese-33_shoulderblade-1,pʰˤak,33,false,expert,,,,
CogtseSitu-33_shoulderblade-1-1,CogtseSitu-33_shoulderblade-1,ta+rpāk,33,false,expert,,,,
BragbarSitu-33_shoulderblade-1-1,BragbarSitu-33_shoulderblade-1,ta+rpiāk,33,false,expert,,,,
Japhug-33_shoulderblade-1-1,Japhug-33_shoulderblade-1,tɯ+rpaʁ,33,false,expert,,,,
Tibetan-33_shoulderblade-1-1,Tibetan-33_shoulderblade-1,phrag,33,false,expert,,,,
MiddleChinese-34_thin-1-1,MiddleChinese-34_thin-1,bak,34,false,expert,,,,
OldChinese-34_thin-1-1,OldChinese-34_thin-1,bˤak,34,false,expert,,,,
CogtseSitu-34_thin-1-1,CogtseSitu-34_thin-1,kə+mbâ,34,false,expert,,,,
BragbarSitu-34_thin-1-1,BragbarSitu-34_thin-1,kə+mbiɛ̂,34,false,expert,,,,
Japhug-34_thin-1-1,Japhug-34_thin-1,mba,34,false,expert,,,,
MiddleChinese-35_thereisnoxsuchthatx-1-1,MiddleChinese-35_thereisnoxsuchthatx-1,mak,35,false,expert,,,,
OldChinese-35_thereisnoxsuchthatx-1-1,OldChinese-35_thereisnoxsuchthatx-1,mˤak,35,false,expert,,,,
BragbarSitu-35_thereisnoxsuchthatx-1-1,BragbarSitu-35_thereisnoxsuchthatx-1,kə+miāk,35,false,expert,,,,
Japhug-35_thereisnoxsuchthatx-1-1,Japhug-35_thereisnoxsuchthatx-1,maʁ,35,false,expert,,,,
MiddleChinese-36_armpit-1-1,MiddleChinese-36_armpit-1,kak,36,false,expert,,,,
OldChinese-36_armpit-1-1,OldChinese-36_armpit-1,Cqˤak,36,false,expert,,,,
CogtseSitu-36_armpit-1-1,CogtseSitu-36_armpit-1,tɐ+jɐ̄k,36,false,expert,,,,
BragbarSitu-36_armpit-1-1,BragbarSitu-36_armpit-1,ta+jāk,36,false,expert,,,,
Japhug-36_armpit-1-1,Japhug-36_armpit-1,tɯ+jaʁ,36,false,expert,,,,
MiddleChinese-37_armpit-1-1,MiddleChinese-37_armpit-1,jek,37,false,expert,,,,
OldChinese-37_armpit-1-1,OldChinese-37_armpit-1,ɢrAk,37,false,expert,,,,
Japhug-37_armpit-1-1,Japhug-37_armpit-1,tɯ+pjaʁpa,37,false,expert,,,,
Tibetan-37_armpit-1-1,Tibetan-37_armpit-1,bzhag.'og,37,false,expert,,,,
MiddleChinese-38_single-1-1,MiddleChinese-38_single-1,tsjek,38,false,expert,,,,
OldChinese-38_single-1-1,OldChinese-38_single-1,tek,38,false,expert,,,,
CogtseSitu-38_single-1-1,CogtseSitu-38_single-1,kə+tēk,38,false,expert,,,,
BragbarSitu-38_single-1-1,BragbarSitu-38_single-1,kə+rīk,38,false,expert,,,,
Japhug-38_single-1-1,Japhug-38_single-1,tɤɣ,38,false,expert,,,,
Tibetan-38_single-1-1,Tibetan-38_single-1,gcig,38,false,expert,,,,
MiddleChinese-39_todropdrop-1-1,MiddleChinese-39_todropdrop-1,tek,39,false,expert,,,,
OldChinese-39_todropdrop-1-1,OldChinese-39_todropdrop-1,tek,39,false,expert,,,,
CogtseSitu-39_todropdrop-1-1,CogtseSitu-39_todropdrop-1,ntʰɐ̄k,39,false,expert,,,,
BragbarSitu-39_todropdrop-1-1,BragbarSitu-39_todropdrop-1,rə+ntʰāk,39,false,expert,,,,
Tibetan-39_todropdrop-1-1,Tibetan-39_todropdrop-1,thigs+pa,39,false,expert,,,,
MiddleChinese-40_hide-1-1,MiddleChinese-40_hide-1,kɛk,40,false,expert,,,,
OldChinese-40_hide-1-1,OldChinese-40_hide-1,kˤrək,40,false,expert,,,,
CogtseSitu-40_hide-1-1,CogtseSitu-40_hide-1,ka+klāk,40,false,expert,,,,
BragbarSitu-40_hide-1-1,BragbarSitu-40_hide-1,ka+kliāk,40,false,expert,,,,
MiddleChinese-41_evil-1-1,MiddleChinese-41_evil-1,thok,41,false,expert,,,,
OldChinese-41_evil-1-1,OldChinese-41_evil-1,n̥ˤək,41,false,expert,,,,
CogtseSitu-41_evil-1-1,CogtseSitu-41_evil-1,kə+nɐ̄k,41,false,expert,,,,
BragbarSitu-41_evil-1-1,BragbarSitu-41_evil-1,kə+nâk,41,false,expert,,,,
Japhug-41_evil-1-1,Japhug-41_evil-1,ɲaʁ,41,false,expert,,,,
Tibetan-41_evil-1-1,Tibetan-41_evil-1,nag+po,41,false,expert,,,,
MiddleChinese-42_toweave-1-1,MiddleChinese-42_toweave-1,tɕik,42,false,expert,,,,
OldChinese-42_toweave-1-1,OldChinese-42_toweave-1,tək,42,false,expert,,,,
BragbarSitu-42_toweave-1-1,BragbarSitu-42_toweave-1,ka+tiāk,42,false,expert,,,,
Japhug-42_toweave-1-1,Japhug-42_toweave-1,taʁ,42,false,expert,,,,
Tibetan-42_toweave-1-1,Tibetan-42_toweave-1,btags,42,false,expert,,,,
MiddleChinese-43_colourcountenance-1-1,MiddleChinese-43_colourcountenance-1,srik,43,false,expert,,,,
OldChinese-43_colourcountenance-1-1,OldChinese-43_colourcountenance-1,srək,43,false,expert,,,,
Japhug-43_colourcountenance-1-1,Japhug-43_colourcountenance-1,zraʁ,43,false,expert,,,,
MiddleChinese-44_joint-1-1,MiddleChinese-44_joint-1,tset,44,false,expert,,,,
OldChinese-44_joint-1-1,OldChinese-44_joint-1,tsˤik,44,false,expert,,,,
BragbarSitu-44_joint-1-1,BragbarSitu-44_joint-1,rə+rtsə̄k,44,false,expert,,,,
Japhug-44_joint-1-1,Japhug-44_joint-1,tɯ+rtsɤɣ,44,false,expert,,,,
Tibetan-44_joint-1-1,Tibetan-44_joint-1,tshigs,44,false,expert,,,,
MiddleChinese-45_louse-1-1,MiddleChinese-45_louse-1,ʂit,45,false,expert,,,,
OldChinese-45_louse-1-1,OldChinese-45_louse-1,srik,45,false,expert,,,,
Japhug-45_louse-1-1,Japhug-45_louse-1,zrɯɣ,45,false,expert,,,,
Tibetan-45_louse-1-1,Tibetan-45_louse-1,shig,45,false,expert,,,,
MiddleChinese-46_tobend-1-1,MiddleChinese-46_tobend-1,khjowk,46,false,expert,,,,
OldChinese-46_tobend-1-1,OldChinese-46_tobend-1,kʰrok,46,false,expert,,,,
Japhug-46_tobend-1-1,Japhug-46_tobend-1,kɤɣ,46,false,expert,,,,
MiddleChinese-47_bebentcurved-1-1,MiddleChinese-47_bebentcurved-1,gjowk,47,false,expert,,,,
OldChinese-47_bebentcurved-1-1,OldChinese-47_bebentcurved-1,Nkʰrok,47,false,expert,,,,
Japhug-47_bebentcurved-1-1,Japhug-47_bebentcurved-1,ŋgɤɣ,47,false,expert,,,,
MiddleChinese-48_topeck-1-1,MiddleChinese-48_topeck-1,træwk,48,false,expert,,,,
OldChinese-48_topeck-1-1,OldChinese-48_topeck-1,mətˤrok,48,false,expert,,,,
CogtseSitu-48_topeck-1-1,CogtseSitu-48_topeck-1,tə+ntôk,48,false,expert,,,,
BragbarSitu-48_topeck-1-1,BragbarSitu-48_topeck-1,tə+ntɐ̄k,48,false,expert,,,,
MiddleChinese-49_shell-1-1,MiddleChinese-49_shell-1,khæwk,49,false,expert,,,,
OldChinese-49_shell-1-1,OldChinese-49_shell-1,kʰˤrok,49,false,expert,,,,
CogtseSitu-49_shell-1-1,CogtseSitu-49_shell-1,tə+rkʰō,49,false,expert,,,,
BragbarSitu-49_shell-1-1,BragbarSitu-49_shell-1,tə+rkʰō,49,false,expert,,,,
Japhug-49_shell-1-1,Japhug-49_shell-1,ɯ+rqʰu,49,false,expert,,,,
Tibetan-49_shell-1-1,Tibetan-49_shell-1,skogs+pa,49,false,expert,,,,
MiddleChinese-50_horn-1-1,MiddleChinese-50_horn-1,kæwk,50,false,expert,,,,
OldChinese-50_horn-1-1,OldChinese-50_horn-1,Ckˤrok,50,false,expert,,,,
CogtseSitu-50_horn-1-1,CogtseSitu-50_horn-1,tə+rū,50,false,expert,,,,
BragbarSitu-50_horn-1-1,BragbarSitu-50_horn-1,tə+rū,50,false,expert,,,,
Japhug-50_horn-1-1,Japhug-50_horn-1,ta+ʁrɯ,50,false,expert,,,,
Tibetan-50_horn-1-1,Tibetan-50_horn-1,rwa,50,false,expert,,,,
MiddleChinese-51_poison-1-1,MiddleChinese-51_poison-1,dowk,51,false,expert,,,,
OldChinese-51_poison-1-1,OldChinese-51_poison-1,dˤuk,51,false,expert,,,,
CogtseSitu-51_poison-1-1,CogtseSitu-51_poison-1,tə̄k,51,false,expert,,,,
BragbarSitu-51_poison-1-1,BragbarSitu-51_poison-1,tə+ndōk,51,false,expert,,,,
Japhug-51_poison-1-1,Japhug-51_poison-1,tɤ+ndɤɣ,51,false,expert,,,,
Tibetan-51_poison-1-1,Tibetan-51_poison-1,dug,51,false,expert,,,,
MiddleChinese-52_six-1-1,MiddleChinese-52_six-1,ljuwk,52,false,expert,,,,
OldChinese-52_six-1-1,OldChinese-52_six-1,kruk,52,false,expert,,,,
CogtseSitu-52_six-1-1,CogtseSitu-52_six-1,kə+tʂōk,52,false,expert,,,,
BragbarSitu-52_six-1-1,BragbarSitu-52_six-1,kə+tʂōk,52,false,expert,,,,
Japhug-52_six-1-1,Japhug-52_six-1,kɯtʂɤɣ,52,false,expert,,,,
Tibetan-52_six-1-1,Tibetan-52_six-1,drug,52,false,expert,,,,
MiddleChinese-53_belly-1-1,MiddleChinese-53_belly-1,pjuwk,53,false,expert,,,,
OldChinese-53_belly-1-1,OldChinese-53_belly-1,pruk,53,false,expert,,,,
CogtseSitu-53_belly-1-1,CogtseSitu-53_belly-1,tə+pōk,53,false,expert,,,,
BragbarSitu-53_belly-1-1,BragbarSitu-53_belly-1,tə+vōk,53,false,expert,,,,
Tibetan-53_belly-1-1,Tibetan-53_belly-1,bug,53,false,expert,,,,
MiddleChinese-54_eye-1-1,MiddleChinese-54_eye-1,mjuwk,54,false,expert,,,,
OldChinese-54_eye-1-1,OldChinese-54_eye-1,Cmruk,54,false,expert,,,,
CogtseSitu-54_eye-1-1,CogtseSitu-54_eye-1,tə+mɲāk,54,false,expert,,,,
BragbarSitu-54_eye-1-1,BragbarSitu-54_eye-1,tə+mɲāk,54,false,expert,,,,
Japhug-54_eye-1-1,Japhug-54_eye-1,tɯ+mɲaʁ,54,false,expert,,,,
Tibetan-54_eye-1-1,Tibetan-54_eye-1,mig,54,false,expert,,,,
MiddleChinese-55_topress-1-1,MiddleChinese-55_topress-1,tsjuwk,55,false,expert,,,,
OldChinese-55_topress-1-1,OldChinese-55_topress-1,tsˤiwk,55,false,expert,,,,
Japhug-55_topress-1-1,Japhug-55_topress-1,stʰoʁ,55,false,expert,,,,
MiddleChinese-56_twistspin-1-1,MiddleChinese-56_twistspin-1,phjaŋX,56,false,expert,,,,
OldChinese-56_twistspin-1-1,OldChinese-56_twistspin-1,pʰaŋ,56,false,expert,,,,
CogtseSitu-56_twistspin-1-1,CogtseSitu-56_twistspin-1,ka+pô,56,false,expert,,,,
BragbarSitu-56_twistspin-1-1,BragbarSitu-56_twistspin-1,ka+pō,56,false,expert,,,,
Japhug-56_twistspin-1-1,Japhug-56_twistspin-1,pɣo,56,false,expert,,,,
MiddleChinese-58_eldestgreat-1-1,MiddleChinese-58_eldestgreat-1,mæŋH,57,false,expert,,,,
OldChinese-58_eldestgreat-1-1,OldChinese-58_eldestgreat-1,m̥ˤraŋs,57,false,expert,,,,
CogtseSitu-58_eldestgreat-1-1,CogtseSitu-58_eldestgreat-1,tə+nmak,57,false,expert,,,,
Japhug-58_eldestgreat-1-1,Japhug-58_eldestgreat-1,tɤ+nmaʁ,57,false,expert,,,,
Tibetan-58_eldestgreat-1-1,Tibetan-58_eldestgreat-1,mag+pa,57,false,expert,,,,
MiddleChinese-58_eldestgreat-2-1,MiddleChinese-58_eldestgreat-2,mæŋH,58,false,expert,,,,
OldChinese-58_eldestgreat-2-1,OldChinese-58_eldestgreat-2,m̥ˤraŋs,58,false,expert,,,,
CogtseSitu-58_eldestgreat-2-1,CogtseSitu-58_eldestgreat-2,kə+mbrô,58,false,expert,,,,
BragbarSitu-58_eldestgreat-1-1,BragbarSitu-58_eldestgreat-1,kə+mbrô,58,false,expert,,,,
Japhug-58_eldestgreat-2-1,Japhug-58_eldestgreat-2,mbro,58,false,expert,,,,
MiddleChinese-59_toopposedisturb-1-1,MiddleChinese-59_toopposedisturb-1,ɲaŋX,59,false,expert,,,,
OldChinese-59_toopposedisturb-1-1,OldChinese-59_toopposedisturb-1,naŋʔ,59,false,expert,,,,
CogtseSitu-59_toopposedisturb-1-1,CogtseSitu-59_toopposedisturb-1,ka+nô,59,false,expert,,,,
BragbarSitu-59_toopposedisturb-1-1,BragbarSitu-59_toopposedisturb-1,ka+nô,59,false,expert,,,,
Japhug-59_toopposedisturb-1-1,Japhug-59_toopposedisturb-1,no,59,false,expert,,,,
MiddleChinese-60_tothink-1-1,MiddleChinese-60_tothink-1,sjaŋX,60,false,expert,,,,
OldChinese-60_tothink-1-1,OldChinese-60_tothink-1,saŋʔ,60,false,expert,,,,
CogtseSitu-60_tothink-1-1,CogtseSitu-60_tothink-1,ka+səsō,60,false,expert,,,,
BragbarSitu-60_tothink-1-1,BragbarSitu-60_tothink-1,ka+səsō,60,false,expert,,,,
Japhug-60_tothink-1-1,Japhug-60_tothink-1,sɯso,60,false,expert,,,,
MiddleChinese-61_stronghard-1-1,MiddleChinese-61_stronghard-1,kaŋ,61,false,expert,,,,
OldChinese-61_stronghard-1-1,OldChinese-61_stronghard-1,kˤaŋ,61,false,expert,,,,
CogtseSitu-61_stronghard-1-1,CogtseSitu-61_stronghard-1,kə+rkô,61,false,expert,,,,
Japhug-61_stronghard-1-1,Japhug-61_stronghard-1,rko,61,false,expert,,,,
Tibetan-61_stronghard-1-1,Tibetan-61_stronghard-1,mkhrang+po,61,false,expert,,,,
MiddleChinese-62_sheep-1-1,MiddleChinese-62_sheep-1,jaŋ,62,false,expert,,,,
OldChinese-62_sheep-1-1,OldChinese-62_sheep-1,ɢaŋ,62,false,expert,,,,
CogtseSitu-62_sheep-1-1,CogtseSitu-62_sheep-1,kə+jō,62,false,expert,,,,
BragbarSitu-62_sheep-1-1,BragbarSitu-62_sheep-1,kə+ɟōk,62,false,expert,,,,
Japhug-62_sheep-1-1,Japhug-62_sheep-1,qa+ʑo,62,false,expert,,,,
Tibetan-62_sheep-1-1,Tibetan-62_sheep-1,g.yang+dkar,62,false,expert,,,,
MiddleChinese-63_toitch-1-1,MiddleChinese-63_toitch-1,jaŋX,63,false,expert,,,,
OldChinese-63_toitch-1-1,OldChinese-63_toitch-1,Cəɢaŋʔ,63,false,expert,,,,
CogtseSitu-63_toitch-1-1,CogtseSitu-63_toitch-1,ka+rajâk,63,false,expert,,,,
BragbarSitu-63_toitch-1-1,BragbarSitu-63_toitch-1,ka+rɐɟâk,63,false,expert,,,,
Japhug-63_toitch-1-1,Japhug-63_toitch-1,rɤʑa,63,false,expert,,,,
Tibetan-63_toitch-1-1,Tibetan-63_toitch-1,g.ya'+ba,63,false,expert,,,,
MiddleChinese-64_name-1-1,MiddleChinese-64_name-1,mjieŋ,64,false,expert,,,,
OldChinese-64_name-1-1,OldChinese-64_name-1,Cmeŋ,64,false,expert,,,,
CogtseSitu-64_name-1-1,CogtseSitu-64_name-1,tə+rmê,64,false,expert,,,,
BragbarSitu-64_name-1-1,BragbarSitu-64_name-1,tə+rmiê,64,false,expert,,,,
Japhug-64_name-1-1,Japhug-64_name-1,tɤ+rmi,64,false,expert,,,,
Tibetan-64_name-1-1,Tibetan-64_name-1,ming,64,false,expert,,,,
MiddleChinese-65_cryofbirdsoranimals-1-1,MiddleChinese-65_cryofbirdsoranimals-1,mjæŋ,65,false,expert,,,,
OldChinese-65_cryofbirdsoranimals-1-1,OldChinese-65_cryofbirdsoranimals-1,mreŋ,65,false,expert,,,,
CogtseSitu-65_cryofbirdsoranimals-1-1,CogtseSitu-65_cryofbirdsoranimals-1,kə+mərê,65,false,expert,,,,
BragbarSitu-65_cryofbirdsoranimals-1-1,BragbarSitu-65_cryofbirdsoranimals-1,kə+mbrɐ̂j,65,false,expert,,,,
Japhug-65_cryofbirdsoranimals-1-1,Japhug-65_cryofbirdsoranimals-1,mbri,65,false,expert,,,,
MiddleChinese-66_stringcord-1-1,MiddleChinese-66_stringcord-1,ʑiŋ,66,false,expert,,,,
OldChinese-66_stringcord-1-1,OldChinese-66_stringcord-1,Cəmrəŋ,66,false,expert,,,,
CogtseSitu-66_stringcord-1-1,CogtseSitu-66_stringcord-1,tə+mbrē,66,false,expert,,,,
Japhug-66_stringcord-1-1,Japhug-66_stringcord-1,tɯ+mbri,66,false,expert,,,,
MiddleChinese-67_ice-1-1,MiddleChinese-67_ice-1,piŋ,67,false,expert,,,,
OldChinese-67_ice-1-1,OldChinese-67_ice-1,prəŋ,67,false,expert,,,,
CogtseSitu-67_ice-1-1,CogtseSitu-67_ice-1,ta+rpâm,67,false,expert,,,,
BragbarSitu-67_ice-1-1,BragbarSitu-67_ice-1,ta+rpâm,67,false,expert,,,,
Japhug-67_ice-1-1,Japhug-67_ice-1,tɤ+jpɣom,67,false,expert,,,,
MiddleChinese-68_dream-1-1,MiddleChinese-68_dream-1,mjuwŋ,68,false,expert,,,,
OldChinese-68_dream-1-1,OldChinese-68_dream-1,Cməŋs,68,false,expert,,,,
CogtseSitu-68_dream-1-1,CogtseSitu-68_dream-1,ta+rmô,68,false,expert,,,,
BragbarSitu-68_dream-1-1,BragbarSitu-68_dream-1,ta+rmôk,68,false,expert,,,,
Japhug-68_dream-1-1,Japhug-68_dream-1,tɯ+jmŋo,68,false,expert,,,,
Tibetan-68_dream-1-1,Tibetan-68_dream-1,rmang+lam,68,false,expert,,,,
MiddleChinese-69_your-1-1,MiddleChinese-69_your-1,nojX,69,false,expert,,,,
OldChinese-69_your-1-1,OldChinese-69_your-1,nˤəŋʔ,69,false,expert,,,,
CogtseSitu-69_your-1-1,CogtseSitu-69_your-1,nō,69,false,expert,,,,
BragbarSitu-69_your-1-1,BragbarSitu-69_your-1,nə+ɟə̂,69,false,expert,,,,
Japhug-69_your-1-1,Japhug-69_your-1,nɤ+ʑo,69,false,expert,,,,
MiddleChinese-70_flyinsect-1-1,MiddleChinese-70_flyinsect-1,jiŋ,70,false,expert,,,,
OldChinese-70_flyinsect-1-1,OldChinese-70_flyinsect-1,mrəŋ,70,false,expert,,,,
Japhug-70_flyinsect-1-1,Japhug-70_flyinsect-1,ɣʑo,70,false,expert,,,,
Tibetan-70_flyinsect-1-1,Tibetan-70_flyinsect-1,sbrang,70,false,expert,,,,
MiddleChinese-71_firewood-1-1,MiddleChinese-71_firewood-1,sin,71,false,expert,,,,
OldChinese-71_firewood-1-1,OldChinese-71_firewood-1,sin,71,false,expert,,,,
CogtseSitu-71_firewood-1-1,CogtseSitu-71_firewood-1,ʃē,71,false,expert,,,,
BragbarSitu-71_firewood-1-1,BragbarSitu-71_firewood-1,ɕê,71,false,expert,,,,
Japhug-71_firewood-1-1,Japhug-71_firewood-1,si,71,false,expert,,,,
Tibetan-71_firewood-1-1,Tibetan-71_firewood-1,shing,71,false,expert,,,,
MiddleChinese-72_benew-1-1,MiddleChinese-72_benew-1,sin,72,false,expert,,,,
OldChinese-72_benew-1-1,OldChinese-72_benew-1,stsʰin,72,false,expert,,,,
CogtseSitu-72_benew-1-1,CogtseSitu-72_benew-1,kə+ʃīk,72,false,expert,,,,
BragbarSitu-72_benew-1-1,BragbarSitu-72_benew-1,kə+ɕə̄k,72,false,expert,,,,
Japhug-72_benew-1-1,Japhug-72_benew-1,ɕɤɣ,72,false,expert,,,,
MiddleChinese-73_bodyself-1-1,MiddleChinese-73_bodyself-1,ɕin,73,false,expert,,,,
OldChinese-73_bodyself-1-1,OldChinese-73_bodyself-1,n̥iŋ,73,false,expert,,,,
CogtseSitu-73_bodyself-1-1,CogtseSitu-73_bodyself-1,tə+ʃnē,73,false,expert,,,,
BragbarSitu-73_bodyself-1-1,BragbarSitu-73_bodyself-1,tə+ɕnê,73,false,expert,,,,
Japhug-73_bodyself-1-1,Japhug-73_bodyself-1,tə+sni,73,false,expert,,,,
Tibetan-73_bodyself-1-1,Tibetan-73_bodyself-1,snying,73,false,expert,,,,
MiddleChinese-74_field-1-1,MiddleChinese-74_field-1,den,74,false,expert,,,,
OldChinese-74_field-1-1,OldChinese-74_field-1,lˤiŋ,74,false,expert,,,,
CogtseSitu-74_field-1-1,CogtseSitu-74_field-1,tə+jē,74,false,expert,,,,
BragbarSitu-74_field-1-1,BragbarSitu-74_field-1,ka+jê,74,false,expert,,,,
Japhug-74_field-1-1,Japhug-74_field-1,tɯ+ji,74,false,expert,,,,
Tibetan-74_field-1-1,Tibetan-74_field-1,ʑiŋ+kha,74,false,expert,,,,
MiddleChinese-75_strike-1-1,MiddleChinese-75_strike-1,ɖæwŋH,75,false,expert,,,,
OldChinese-75_strike-1-1,OldChinese-75_strike-1,Ntˤroŋs,75,false,expert,,,,
Japhug-75_strike-1-1,Japhug-75_strike-1,ʁndɯ,75,false,expert,,,,
Tibetan-75_strike-1-1,Tibetan-75_strike-1,rdung+ba,75,false,expert,,,,
MiddleChinese-76_tokill-1-1,MiddleChinese-76_tokill-1,ʂɛt,76,false,expert,,,,
OldChinese-76_tokill-1-1,OldChinese-76_tokill-1,srat,76,false,expert,,,,
CogtseSitu-76_tokill-1-1,CogtseSitu-76_tokill-1,ka+sāt,76,false,expert,,,,
BragbarSitu-76_tokill-1-1,BragbarSitu-76_tokill-1,ka+siɛ̄t,76,false,expert,,,,
Japhug-76_tokill-1-1,Japhug-76_tokill-1,sat,76,false,expert,,,,
Tibetan-76_tokill-1-1,Tibetan-76_tokill-1,bsad,76,false,expert,,,,
MiddleChinese-78_sufferdefeat-1-1,MiddleChinese-78_sufferdefeat-1,pæjH,77,false,expert,,,,
OldChinese-78_sufferdefeat-1-1,OldChinese-78_sufferdefeat-1,pˤrats,77,false,expert,,,,
CogtseSitu-78_sufferdefeat-1-1,CogtseSitu-78_sufferdefeat-1,kɐ+prɐ̂t,77,false,expert,,,,
BragbarSitu-78_sufferdefeat-1-1,BragbarSitu-78_sufferdefeat-1,ka+prāt,77,false,expert,,,,
Japhug-78_sufferdefeat-1-1,Japhug-78_sufferdefeat-1,prɤt,77,false,expert,,,,
MiddleChinese-78_sufferdefeat-2-1,MiddleChinese-78_sufferdefeat-2,bæjH,78,false,expert,,,,
OldChinese-78_sufferdefeat-2-1,OldChinese-78_sufferdefeat-2,Npˤrats,78,false,expert,,,,
CogtseSitu-78_sufferdefeat-2-1,CogtseSitu-78_sufferdefeat-2,kɐ+mbrɐ̂t,78,false,expert,,,,
BragbarSitu-78_sufferdefeat-2-1,BragbarSitu-78_sufferdefeat-2,kə+mbrāt,78,false,expert,,,,
Japhug-78_sufferdefeat-2-1,Japhug-78_sufferdefeat-2,mbrɤt,78,false,expert,,,,
MiddleChinese-79_eight-1-1,MiddleChinese-79_eight-1,pɛt,79,false,expert,,,,
OldChinese-79_eight-1-1,OldChinese-79_eight-1,pˤret,79,false,expert,,,,
CogtseSitu-79_eight-1-1,CogtseSitu-79_eight-1,wurjat,79,false,expert,,,,
BragbarSitu-79_eight-1-1,BragbarSitu-79_eight-1,kərcēt,79,false,expert,,,,
Japhug-79_eight-1-1,Japhug-79_eight-1,kɯrcat,79,false,expert,,,,
Tibetan-79_eight-1-1,Tibetan-79_eight-1,brgyad,79,false,expert,,,,
MiddleChinese-80_totakeoff-1-1,MiddleChinese-80_totakeoff-1,thwat,80,false,expert,,,,
OldChinese-80_totakeoff-1-1,OldChinese-80_totakeoff-1,məl̥ˤot,80,false,expert,,,,
BragbarSitu-80_totakeoff-1-1,BragbarSitu-80_totakeoff-1,ka+ɕlɐ̄t,80,false,expert,,,,
MiddleChinese-81_toscrape-1-1,MiddleChinese-81_toscrape-1,kwæt,81,false,expert,,,,
OldChinese-81_toscrape-1-1,OldChinese-81_toscrape-1,kʷˤrat,81,false,expert,,,,
CogtseSitu-81_toscrape-1-1,CogtseSitu-81_toscrape-1,ka+kʰrōt,81,false,expert,,,,
BragbarSitu-81_toscrape-1-1,BragbarSitu-81_toscrape-1,ka+kʰrə̄t,81,false,expert,,,,
Japhug-81_toscrape-1-1,Japhug-81_toscrape-1,qʰrɯt,81,false,expert,,,,
MiddleChinese-82_todigoutearth-1-1,MiddleChinese-82_todigoutearth-1,gjut,82,false,expert,,,,
OldChinese-82_todigoutearth-1-1,OldChinese-82_todigoutearth-1,got,82,false,expert,,,,
CogtseSitu-82_todigoutearth-1-1,CogtseSitu-82_todigoutearth-1,ka+səkū,82,false,expert,,,,
BragbarSitu-82_todigoutearth-1-1,BragbarSitu-82_todigoutearth-1,ka+səkū,82,false,expert,,,,
Japhug-82_todigoutearth-1-1,Japhug-82_todigoutearth-1,skɯ,82,false,expert,,,,
Tibetan-82_todigoutearth-1-1,Tibetan-82_todigoutearth-1,rko,82,false,expert,,,,
MiddleChinese-83_toslip-1-1,MiddleChinese-83_toslip-1,trijH,83,false,expert,,,,
OldChinese-83_toslip-1-1,OldChinese-83_toslip-1,tlrits,83,false,expert,,,,
Japhug-83_toslip-1-1,Japhug-83_toslip-1,aʁdɤt,83,false,expert,,,,
Tibetan-83_toslip-1-1,Tibetan-83_toslip-1,dred+pa,83,false,expert,,,,
MiddleChinese-84_todestroy-1-1,MiddleChinese-84_todestroy-1,mjiet,84,false,expert,,,,
OldChinese-84_todestroy-1-1,OldChinese-84_todestroy-1,met,84,false,expert,,,,
CogtseSitu-84_todestroy-1-1,CogtseSitu-84_todestroy-1,kə+rmēk,84,false,expert,,,,
BragbarSitu-84_todestroy-1-1,BragbarSitu-84_todestroy-1,kə+mə̄k,84,false,expert,,,,
Japhug-84_todestroy-1-1,Japhug-84_todestroy-1,mi,84,false,expert,,,,
MiddleChinese-85_seven-1-1,MiddleChinese-85_seven-1,tshit,85,false,expert,,,,
OldChinese-85_seven-1-1,OldChinese-85_seven-1,tsʰit,85,false,expert,,,,
CogtseSitu-85_seven-1-1,CogtseSitu-85_seven-1,kəʃnə̄s,85,false,expert,,,,
BragbarSitu-85_seven-1-1,BragbarSitu-85_seven-1,kəɕnɐ̄s,85,false,expert,,,,
Japhug-85_seven-1-1,Japhug-85_seven-1,kɯɕnɯz,85,false,expert,,,,
MiddleChinese-86_tolose-1-1,MiddleChinese-86_tolose-1,ɕit,86,false,expert,,,,
OldChinese-86_tolose-1-1,OldChinese-86_tolose-1,l̥it,86,false,expert,,,,
CogtseSitu-86_tolose-1-1,CogtseSitu-86_tolose-1,ka+ʃlə̂k,86,false,expert,,,,
Japhug-86_tolose-1-1,Japhug-86_tolose-1,lɯɣ,86,false,expert,,,,
MiddleChinese-87_stiff-1-1,MiddleChinese-87_stiff-1,pjijH,87,false,expert,,,,
OldChinese-87_stiff-1-1,OldChinese-87_stiff-1,pits,87,false,expert,,,,
Japhug-87_stiff-1-1,Japhug-87_stiff-1,ndʑɯrpɯt,87,false,expert,,,,
MiddleChinese-88_face-1-1,MiddleChinese-88_face-1,ŋæn,88,false,expert,,,,
OldChinese-88_face-1-1,OldChinese-88_face-1,Cŋˤar,88,false,expert,,,,
Japhug-88_face-1-1,Japhug-88_face-1,tɯ+rŋa,88,false,expert,,,,
MiddleChinese-89_fresh-1-1,MiddleChinese-89_fresh-1,sjen,89,false,expert,,,,
OldChinese-89_fresh-1-1,OldChinese-89_fresh-1,sar,89,false,expert,,,,
BragbarSitu-89_fresh-1-1,BragbarSitu-89_fresh-1,kə+tsâr,89,false,expert,,,,
Japhug-89_fresh-1-1,Japhug-89_fresh-1,sɤr,89,false,expert,,,,
Tibetan-89_fresh-1-1,Tibetan-89_fresh-1,gsar+pa,89,false,expert,,,,
MiddleChinese-90_sour-1-1,MiddleChinese-90_sour-1,swan,90,false,expert,,,,
OldChinese-90_sour-1-1,OldChinese-90_sour-1,sˤor,90,false,expert,,,,
CogtseSitu-90_sour-1-1,CogtseSitu-90_sour-1,kə+tɕôr,90,false,expert,,,,
BragbarSitu-90_sour-1-1,BragbarSitu-90_sour-1,kə+tɕôr,90,false,expert,,,,
Japhug-90_sour-1-1,Japhug-90_sour-1,tɕur,90,false,expert,,,,
MiddleChinese-91_late-1-1,MiddleChinese-91_late-1,mjonX,91,false,expert,,,,
OldChinese-91_late-1-1,OldChinese-91_late-1,morʔ,91,false,expert,,,,
CogtseSitu-91_late-1-1,CogtseSitu-91_late-1,tə+mōr,91,false,expert,,,,
BragbarSitu-91_late-1-1,BragbarSitu-91_late-1,tə+mɐ̄r,91,false,expert,,,,
Japhug-91_late-1-1,Japhug-91_late-1,tɯ+ɣmɯr,91,false,expert,,,,
MiddleChinese-92_earthworm-1-1,MiddleChinese-92_earthworm-1,jinX,92,false,expert,,,,
OldChinese-92_earthworm-1-1,OldChinese-92_earthworm-1,ɢrərʔ,92,false,expert,,,,
Japhug-92_earthworm-1-1,Japhug-92_earthworm-1,qa+ndʐe,92,false,expert,,,,
Tibetan-92_earthworm-1-1,Tibetan-92_earthworm-1,srin,92,false,expert,,,,
MiddleChinese-93_duskdark-1-1,MiddleChinese-93_duskdark-1,xwon,93,false,expert,,,,
OldChinese-93_duskdark-1-1,OldChinese-93_duskdark-1,m̥ˤun,93,false,expert,,,,
Japhug-93_duskdark-1-1,Japhug-93_duskdark-1,tɯrmɯ,93,false,expert,,,,
Tibetan-93_duskdark-1-1,Tibetan-93_duskdark-1,mun+po,93,false,expert,,,,
MiddleChinese-94_tosmoke-1-1,MiddleChinese-94_tosmoke-1,xjun,94,false,expert,,,,
OldChinese-94_tosmoke-1-1,OldChinese-94_tosmoke-1,qʰun,94,false,expert,,,,
CogtseSitu-94_tosmoke-1-1,CogtseSitu-94_tosmoke-1,tə+kʰə̂,94,false,expert,,,,
BragbarSitu-94_tosmoke-1-1,BragbarSitu-94_tosmoke-1,ta+kʰû,94,false,expert,,,,
Japhug-94_tosmoke-1-1,Japhug-94_tosmoke-1,tɤ+kʰɯ,94,false,expert,,,,
MiddleChinese-95_tostand-1-1,MiddleChinese-95_tostand-1,lip,95,false,expert,,,,
OldChinese-95_tostand-1-1,OldChinese-95_tostand-1,krəp,95,false,expert,,,,
CogtseSitu-95_tostand-1-1,CogtseSitu-95_tostand-1,ka+rjāp,95,false,expert,,,,
BragbarSitu-95_tostand-1-1,BragbarSitu-95_tostand-1,ka+rɟēp,95,false,expert,,,,
MiddleChinese-96_toscoopwater-1-1,MiddleChinese-96_toscoopwater-1,kip,96,false,expert,,,,
OldChinese-96_toscoopwater-1-1,OldChinese-96_toscoopwater-1,kəp,96,false,expert,,,,
BragbarSitu-96_toscoopwater-1-1,BragbarSitu-96_toscoopwater-1,ka+kiɛ̄p,96,false,expert,,,,
Japhug-96_toscoopwater-1-1,Japhug-96_toscoopwater-1,kaβ,96,false,expert,,,,
MiddleChinese-97_jawchin-1-1,MiddleChinese-97_jawchin-1,ɣomX,97,false,expert,,,,
OldChinese-97_jawchin-1-1,OldChinese-97_jawchin-1,ɢˤəmʔ,97,false,expert,,,,
Japhug-97_jawchin-1-1,Japhug-97_jawchin-1,ta+mɢom,97,false,expert,,,,
MiddleChinese-98_pillow-1-1,MiddleChinese-98_pillow-1,tɕimX,98,false,expert,,,,
OldChinese-98_pillow-1-1,OldChinese-98_pillow-1,tkəmʔ,98,false,expert,,,,
BragbarSitu-98_pillow-1-1,BragbarSitu-98_pillow-1,tə+mkə̂m,98,false,expert,,,,
Japhug-98_pillow-1-1,Japhug-98_pillow-1,tɤ+mkɯm,98,false,expert,,,,
MiddleChinese-99_three-1-1,MiddleChinese-99_three-1,sam,99,false,expert,,,,
OldChinese-99_three-1-1,OldChinese-99_three-1,srum,99,false,expert,,,,
CogtseSitu-99_three-1-1,CogtseSitu-99_three-1,kəsâm,99,false,expert,,,,
BragbarSitu-99_three-1-1,BragbarSitu-99_three-1,kəsə̂m,99,false,expert,,,,
Japhug-99_three-1-1,Japhug-99_three-1,χsɯm,99,false,expert,,,,
Tibetan-99_three-1-1,Tibetan-99_three-1,gsum,99,false,expert,,,,
MiddleChinese-100_plantroot-1-1,MiddleChinese-100_plantroot-1,ʂim,100,false,expert,,,,
OldChinese-100_plantroot-1-1,OldChinese-100_plantroot-1,srum,100,false,expert,,,,
CogtseSitu-100_plantroot-1-1,CogtseSitu-100_plantroot-1,tɐ+srɐ̂m,100,false,expert,,,,
BragbarSitu-100_plantroot-1-1,BragbarSitu-100_plantroot-1,ta+srâm,100,false,expert,,,,
Japhug-100_plantroot-1-1,Japhug-100_plantroot-1,tɤ+zrɤm,100,false,expert,,,,
MiddleChinese-101_needle-1-1,MiddleChinese-101_needle-1,tɕim,101,false,expert,,,,
OldChinese-101_needle-1-1,OldChinese-101_needle-1,tkəm,101,false,expert,,,,
CogtseSitu-101_needle-1-1,CogtseSitu-101_needle-1,ta+kāp,101,false,expert,,,,
BragbarSitu-101_needle-1-1,BragbarSitu-101_needle-1,ta+wiɛ̄p,101,false,expert,,,,
Japhug-101_needle-1-1,Japhug-101_needle-1,ta+qaβ,101,false,expert,,,,
Tibetan-101_needle-1-1,Tibetan-101_needle-1,khab,101,false,expert,,,,
MiddleChinese-102_becloudydark-1-1,MiddleChinese-102_becloudydark-1,ʔim,102,false,expert,,,,
OldChinese-102_becloudydark-1-1,OldChinese-102_becloudydark-1,qrum,102,false,expert,,,,
BragbarSitu-102_becloudydark-1-1,BragbarSitu-102_becloudydark-1,ta+ncâp,102,false,expert,,,,
Japhug-102_becloudydark-1-1,Japhug-102_becloudydark-1,ɴqiaβ,102,false,expert,,,,
MiddleChinese-103_bear-1-1,MiddleChinese-103_bear-1,hjuwŋ,103,false,expert,,,,
OldChinese-103_bear-1-1,OldChinese-103_bear-1,Cɢwrəm,103,false,expert,,,,
CogtseSitu-103_bear-1-1,CogtseSitu-103_bear-1,təwām,103,false,expert,,,,
BragbarSitu-103_bear-1-1,BragbarSitu-103_bear-1,təwām,103,false,expert,,,,
Tibetan-103_bear-1-1,Tibetan-103_bear-1,dom,103,false,expert,,,,
MiddleChinese-104_owl-1-1,MiddleChinese-104_owl-1,kew,104,false,expert,,,,
OldChinese-104_owl-1-1,OldChinese-104_owl-1,ˤkiw,104,false,expert,,,,
CogtseSitu-104_owl-1-1,CogtseSitu-104_owl-1,pka+tʃû,104,false,expert,,,,
BragbarSitu-104_owl-1-1,BragbarSitu-104_owl-1,pa+tɕû,104,false,expert,,,,
Japhug-104_owl-1-1,Japhug-104_owl-1,pɣɤ+tɕɯ,104,false,expert,,,,
MiddleChinese-105_tofryroast-1-1,MiddleChinese-105_tofryroast-1,ŋaw,105,false,expert,,,,
OldChinese-105_tofryroast-1-1,OldChinese-105_tofryroast-1,ŋˤaw,105,false,expert,,,,
CogtseSitu-105_tofryroast-1-1,CogtseSitu-105_tofryroast-1,ka+rŋô,105,false,expert,,,,
BragbarSitu-105_tofryroast-1-1,BragbarSitu-105_tofryroast-1,ka+rŋô,105,false,expert,,,,
Japhug-105_tofryroast-1-1,Japhug-105_tofryroast-1,rŋu,105,false,expert,,,,
Tibetan-105_tofryroast-1-1,Tibetan-105_tofryroast-1,rngo,105,false,expert,,,,
MiddleChinese-106_command-1-1,MiddleChinese-106_command-1,ɣawH,106,false,expert,,,,
OldChinese-106_command-1-1,OldChinese-106_command-1,gˤaws,106,false,expert,,,,
CogtseSitu-106_command-1-1,CogtseSitu-106_command-1,ka+ŋa+kʰō,106,false,expert,,,,
BragbarSitu-106_command-1-1,BragbarSitu-106_command-1,kə+okʰō,106,false,expert,,,,
Japhug-106_command-1-1,Japhug-106_command-1,akʰu,106,false,expert,,,,
MiddleChinese-107_brownandwhitebear-1-1,MiddleChinese-107_brownandwhitebear-1,pje,107,false,expert,,,,
OldChinese-107_brownandwhitebear-1-1,OldChinese-107_brownandwhitebear-1,praj,107,false,expert,,,,
CogtseSitu-107_brownandwhitebear-1-1,CogtseSitu-107_brownandwhitebear-1,prī,107,false,expert,,,,
BragbarSitu-107_brownandwhitebear-1-1,BragbarSitu-107_brownandwhitebear-1,prī,107,false,expert,,,,
Japhug-107_brownandwhitebear-1-1,Japhug-107_brownandwhitebear-1,pri,107,false,expert,,,,
MiddleChinese-108_excrement-1-1,MiddleChinese-108_excrement-1,ɕijX,108,false,expert,,,,
OldChinese-108_excrement-1-1,OldChinese-108_excrement-1,qʰijʔ,108,false,expert,,,,
Japhug-108_excrement-1-1,Japhug-108_excrement-1,tɯ+qe,108,false,expert,,,,
MiddleChinese-109_milletorricegrains-1-1,MiddleChinese-109_milletorricegrains-1,mejX,109,false,expert,,,,
OldChinese-109_milletorricegrains-1-1,OldChinese-109_milletorricegrains-1,mˤejʔ,109,false,expert,,,,
CogtseSitu-109_milletorricegrains-1-1,CogtseSitu-109_milletorricegrains-1,kʰrī,109,false,expert,,,,
BragbarSitu-109_milletorricegrains-1-1,BragbarSitu-109_milletorricegrains-1,kʰrī,109,false,expert,,,,
Japhug-109_milletorricegrains-1-1,Japhug-109_milletorricegrains-1,kʰrɯ+zwa,109,false,expert,,,,
Tibetan-109_milletorricegrains-1-1,Tibetan-109_milletorricegrains-1,khre,109,false,expert,,,,
MiddleChinese-110_arrow-1-1,MiddleChinese-110_arrow-1,ɕijX,110,false,expert,,,,
OldChinese-110_arrow-1-1,OldChinese-110_arrow-1,l̥ijʔ,110,false,expert,,,,
Japhug-110_arrow-1-1,Japhug-110_arrow-1,tɯ+di,110,false,expert,,,,
MiddleChinese-111_todie-1-1,MiddleChinese-111_todie-1,sijX,111,false,expert,,,,
OldChinese-111_todie-1-1,OldChinese-111_todie-1,sijʔ,111,false,expert,,,,
CogtseSitu-111_todie-1-1,CogtseSitu-111_todie-1,ka+ʃî,111,false,expert,,,,
BragbarSitu-111_todie-1-1,BragbarSitu-111_todie-1,kə+ɕî,111,false,expert,,,,
Japhug-111_todie-1-1,Japhug-111_todie-1,si,111,false,expert,,,,
Tibetan-111_todie-1-1,Tibetan-111_todie-1,shi,111,false,expert,,,,
MiddleChinese-112_deceasedmother-1-1,MiddleChinese-112_deceasedmother-1,pjijX,112,false,expert,,,,
OldChinese-112_deceasedmother-1-1,OldChinese-112_deceasedmother-1,pijʔs,112,false,expert,,,,
CogtseSitu-112_deceasedmother-1-1,CogtseSitu-112_deceasedmother-1,ta+wî,112,false,expert,,,,
BragbarSitu-112_deceasedmother-1-1,BragbarSitu-112_deceasedmother-1,ta+wî,112,false,expert,,,,
Japhug-112_deceasedmother-1-1,Japhug-112_deceasedmother-1,tɤ+wi,112,false,expert,,,,
Tibetan-112_deceasedmother-1-1,Tibetan-112_deceasedmother-1,phyi+mo,112,false,expert,,,,
MiddleChinese-113_togive-1-1,MiddleChinese-113_togive-1,pjijH,113,false,expert,,,,
OldChinese-113_togive-1-1,OldChinese-113_togive-1,pits,113,false,expert,,,,
CogtseSitu-113_togive-1-1,CogtseSitu-113_togive-1,kɐ+wû,113,false,expert,,,,
BragbarSitu-113_togive-1-1,BragbarSitu-113_togive-1,ka+mbī,113,false,expert,,,,
Japhug-113_togive-1-1,Japhug-113_togive-1,mbi,113,false,expert,,,,
Tibetan-113_togive-1-1,Tibetan-113_togive-1,sbyin,113,false,expert,,,,
MiddleChinese-114_two-1-1,MiddleChinese-114_two-1,ɲijH,114,false,expert,,,,
OldChinese-114_two-1-1,OldChinese-114_two-1,nijs,114,false,expert,,,,
CogtseSitu-114_two-1-1,CogtseSitu-114_two-1,kənês,114,false,expert,,,,
BragbarSitu-114_two-1-1,BragbarSitu-114_two-1,kənə̂s,114,false,expert,,,,
Japhug-114_two-1-1,Japhug-114_two-1,ʁnɯz,114,false,expert,,,,
Tibetan-114_two-1-1,Tibetan-114_two-1,gnyis,114,false,expert,,,,
MiddleChinese-115_eyebrow-1-1,MiddleChinese-115_eyebrow-1,mij,115,false,expert,,,,
OldChinese-115_eyebrow-1-1,OldChinese-115_eyebrow-1,mrər,115,false,expert,,,,
CogtseSitu-115_eyebrow-1-1,CogtseSitu-115_eyebrow-1,ta+rɲê,115,false,expert,,,,
BragbarSitu-115_eyebrow-1-1,BragbarSitu-115_eyebrow-1,ta+rɲê,115,false,expert,,,,
Japhug-115_eyebrow-1-1,Japhug-115_eyebrow-1,tɤ+rme,115,false,expert,,,,
MiddleChinese-116_tail-1-1,MiddleChinese-116_tail-1,mjɨjX,116,false,expert,,,,
OldChinese-116_tail-1-1,OldChinese-116_tail-1,məjʔ,116,false,expert,,,,
CogtseSitu-116_tail-1-1,CogtseSitu-116_tail-1,ta+jmî,116,false,expert,,,,
BragbarSitu-116_tail-1-1,BragbarSitu-116_tail-1,ta+jmî,116,false,expert,,,,
Japhug-116_tail-1-1,Japhug-116_tail-1,tɤ+jme,116,false,expert,,,,
MiddleChinese-117_near-1-1,MiddleChinese-117_near-1,nyeX,117,false,expert,,,,
OldChinese-117_near-1-1,OldChinese-117_near-1,nərʔ,117,false,expert,,,,
Japhug-117_near-1-1,Japhug-117_near-1,tɯ+ɣɲi,117,false,expert,,,,
Tibetan-117_near-1-1,Tibetan-117_near-1,nye+ba,117,false,expert,,,,
MiddleChinese-118_fire-1-1,MiddleChinese-118_fire-1,xwaX,118,false,expert,,,,
OldChinese-118_fire-1-1,OldChinese-118_fire-1,qʷʰˤəjʔ,118,false,expert,,,,
Japhug-118_fire-1-1,Japhug-118_fire-1,smi,118,false,expert,,,,
Tibetan-118_fire-1-1,Tibetan-118_fire-1,me,118,false,expert,,,,
MiddleChinese-119_snakebrood-1-1,MiddleChinese-119_snakebrood-1,xwojX,119,false,expert,,,,
OldChinese-119_snakebrood-1-1,OldChinese-119_snakebrood-1,r̥ujʔ,119,false,expert,,,,
CogtseSitu-119_snakebrood-1-1,CogtseSitu-119_snakebrood-1,kʰa+brē,119,false,expert,,,,
BragbarSitu-119_snakebrood-1-1,BragbarSitu-119_snakebrood-1,kʰa+prɐ̄j,119,false,expert,,,,
Japhug-119_snakebrood-1-1,Japhug-119_snakebrood-1,qa+pri,119,false,expert,,,,
MiddleChinese-120_pulsebeans-1-1,MiddleChinese-120_pulsebeans-1,syuwk,120,false,expert,,,,
OldChinese-120_pulsebeans-1-1,OldChinese-120_pulsebeans-1,stʰuk,120,false,expert,,,,
CogtseSitu-120_pulsebeans-1-1,CogtseSitu-120_pulsebeans-1,tɐ+stōk,120,false,expert,,,,
BragbarSitu-120_pulsebeans-1-1,BragbarSitu-120_pulsebeans-1,ta+stɐ̄k,120,false,expert,,,,
Japhug-120_pulsebeans-1-1,Japhug-120_pulsebeans-1,stoʁ,120,false,expert,,,,
MiddleChinese-121_horse-1-1,MiddleChinese-121_horse-1,mæX,121,false,expert,,,,
OldChinese-121_horse-1-1,OldChinese-121_horse-1,mˤraʔ,121,false,expert,,,,
CogtseSitu-121_horse-1-1,CogtseSitu-121_horse-1,mbrō,121,false,expert,,,,
BragbarSitu-121_horse-1-1,BragbarSitu-121_horse-1,mbrō,121,false,expert,,,,
Japhug-121_horse-1-1,Japhug-121_horse-1,mbro,121,false,expert,,,,
MiddleChinese-122_rabbithare-1-1,MiddleChinese-122_rabbithare-1,thuH,122,false,expert,,,,
OldChinese-122_rabbithare-1-1,OldChinese-122_rabbithare-1,l̥ˤas,122,false,expert,,,,
CogtseSitu-122_rabbithare-1-1,CogtseSitu-122_rabbithare-1,ka+lā,122,false,expert,,,,
BragbarSitu-122_rabbithare-1-1,BragbarSitu-122_rabbithare-1,ka+liɛ̄,122,false,expert,,,,
Japhug-122_rabbithare-1-1,Japhug-122_rabbithare-1,qa+la,122,false,expert,,,,
